,feature size,encryption time,c + c time,c + x time,c * x time,decryption time,Total
0,10,0.6030645370483398,0.014551162719726562,0.11832976341247559,0.024570226669311523,0.29753947257995605,11.05805516242981
1,50,3.0188536643981934,0.07428884506225586,0.6257603168487549,0.1347370147705078,1.6395900249481201,55.49322986602783
2,100,6.342591762542725,0.12323999404907227,1.1432414054870605,0.4621002674102783,2.754180669784546,110.82535409927368
3,250,13.700213193893433,0.2759895324707031,2.8960230350494385,0.8044703006744385,6.682264804840088,274.3589608669281
4,500,26.77539086341858,0.9550211429595947,5.485406875610352,1.3707563877105713,13.549032926559448,548.1356081962585
5,1000,54.08998966217041,1.8634331226348877,10.80307912826538,2.8929548263549805,26.988481044769287,1096.637937784195
